Contract ID,Contract Number ,Start Date,End Date,,,,
xxxx1234,adfvc,1-May-18,2-May-20,,,,
xxxx7234,XCVGB,1-Aug-17,2-Aug-19,,,,
xxxx1334,adfvc,1-Jun-18,2-Jun-20,,,,
xxxx7334,XCVGB,1-Aug-17,2-Aug-19,,,,
xxxx1434,adfvc,1-Jul-18,2-Jul-20,,,,
xxxx7434,XCVGB,9-Aug-17,9-Aug-19,,,,
xxxx1238,adfvc,10-Nov-18,10-Nov-20,,,,
xxxx7238,XCVGB,1-Aug-17,2-Aug-19,,,,
xxxx1288,adfvc,1-May-18,2-May-20,,,,
xxxx7299,XCVGB,1-Aug-17,2-Aug-19,,,,
xxxx1216,adfvc,1-May-18,2-May-20,,,,
xxxx7267,XCVGB,1-Aug-17,2-Aug-19,,,,
xx191268,FGTGH,1-Jan-19,1-Jan-20,,,,
xx122222,FGTGH,15-Apr-19,15-Apr-20,,,,
xxx31216,FGTGH,2-Feb-19,2-Feb-20,,,,
xxx47267,FGTGH,2-Feb-19,2-Feb-20,,,,
xxxx1255,XCVGB,9-Aug-17,9-Aug-19,,,,
xxxx7265,adfvc,10-Nov-18,10-Nov-20,,,,
xxx91275,XCVGB,1-Aug-17,2-Aug-19,,,,
xxx87211,XCVGB,1-Aug-17,2-Aug-19,,,,
xxx31216,adfvc,1-May-18,2-May-20,,,,
xxx47267,XCVGB,1-Aug-17,2-Aug-19,,,,
xxx91288,FGTGH,1-Jan-19,1-Jan-20,,,,
xxx87299,FGTGH,15-Apr-19,15-Apr-20,,,,
xxx31216,adfvc,1-May-18,2-May-20,,,,
xxx47267,XCVGB,1-Aug-17,2-Aug-19,,,,
xxx87200,adfvc,1-May-18,2-May-20,,,,
